,Group
GSM175786,endometriosis
GSM175787,endometriosis
GSM175788,endometriosis
GSM176082,endometriosis
GSM176083,endometriosis
GSM176084,endometriosis
GSM176085,endometriosis
GSM176086,endometriosis
GSM176087,endometriosis
GSM176088,endometriosis
GSM176089,endometriosis
GSM176090,endometriosis
GSM176091,endometriosis
GSM176092,endometriosis
GSM176234,endometriosis
GSM176236,endometriosis
GSM176238,endometriosis
GSM176240,endometriosis
GSM176039,control
GSM176040,control
GSM176041,control
GSM176043,control
GSM176093,control
GSM176094,control
GSM176095,control
GSM176096,control
GSM176097,control
GSM176098,control
GSM176099,control
GSM176100,control
GSM176101,control
GSM176127,control
GSM176132,control
GSM176137,control
GSM176141,control
GSM176142,control
GSM176143,control
GSM176144,control
GSM176145,control
GSM176146,control
GSM176319,control
